ndex,Normal,Fire,Water,Electric,Grass,Ice,Fighting,Poison,Ground,Flying,Psychic,Bug,Rock,Ghost,Dragon,Dark,Steel,Fairy
#026,1,1,1,0,1,1,1,1,2,0,1,1,1,1,1,1,0,1
#024,1,1,1,1,0,1,0,0,2,1,2,0,1,1,1,1,1,0
#033,1,1,1,1,0,1,0,0,2,1,2,0,1,1,1,1,1,0
#025,1,1,1,0,1,1,1,1,2,0,1,1,1,1,1,1,0,1
#027,1,1,2,0,2,2,1,0,1,1,1,1,0,1,1,1,1,1
#032,1,1,1,1,0,1,0,0,2,1,2,0,1,1,1,1,1,0
#031,1,1,2,0,1,2,0,0,2,1,2,0,0,1,1,1,1,0
#022,1,1,1,2,0,2,1,1,0,1,1,0,2,0,1,1,1,1
#021,1,1,1,2,0,2,1,1,0,1,1,0,2,0,1,1,1,1
#029,1,1,1,1,0,1,0,0,2,1,2,0,1,1,1,1,1,0
#020,1,1,1,1,1,1,2,1,1,1,1,1,1,0,1,1,1,1
#028,1,1,2,0,2,2,1,0,1,1,1,1,0,1,1,1,1,1
#898,1,2,0,0,0,2,0,2,0,2,0,4,1,2,1,2,1,1
#019,1,1,1,1,1,1,2,1,1,1,1,1,1,0,1,1,1,1
#510,1,1,1,1,1,1,2,1,1,1,0,2,1,0,1,0,1,2
#896,1,2,1,1,1,0,2,1,1,1,1,1,2,1,1,1,2,1
#897,0,1,1,1,1,1,0,0,1,1,1,0,1,2,1,2,1,1
#894,1,1,1,0,1,1,1,1,2,0,1,1,1,1,1,1,0,1
#893,1,2,0,0,0,2,2,2,0,2,0,4,1,0,1,0,1,2
#892,1,1,1,1,1,1,2,1,1,2,0,1,0,0,1,0,1,4
#895,1,0,0,0,0,2,1,1,1,1,1,1,1,1,2,1,1,2
#891,1,1,1,1,1,1,1,1,1,2,2,0,0,1,1,0,1,2
#023,1,1,1,1,0,1,0,0,2,1,2,0,1,1,1,1,1,0
#890,1,0,0,0,0,2,0,0,2,1,2,0,1,1,2,1,1,1
#030,1,1,1,1,0,1,0,0,2,1,2,0,1,1,1,1,1,0
#889,1,1,1,1,1,1,1,1,1,2,2,0,0,1,1,0,1,2
#888,1,1,1,1,1,1,0,2,1,1,1,0,1,1,0,0,2,1
#882,1,0,0,1,1,1,1,1,1,1,1,1,1,1,2,1,0,2
#883,1,1,0,2,2,0,2,1,1,1,1,1,2,1,1,1,1,1
#885,0,0,0,0,0,2,0,0,1,1,1,0,1,2,2,2,1,2
#884,0,1,0,0,0,1,2,0,2,0,0,0,0,1,1,1,0,1
#887,0,0,0,0,0,2,0,0,1,1,1,0,1,2,2,2,1,2
#886,0,0,0,0,0,2,0,0,1,1,1,0,1,2,2,2,1,2
#879,0,2,1,1,0,0,2,0,2,0,0,0,0,1,0,1,0,0
#880,1,0,0,0,0,2,1,1,2,0,1,1,1,1,2,1,0,2
#878,0,2,1,1,0,0,2,0,2,0,0,0,0,1,0,1,0,0
#881,1,2,1,0,1,0,2,1,2,0,1,1,2,1,1,1,1,1
#873,1,4,1,1,0,0,1,1,0,2,1,1,4,1,1,1,2,1
#870,1,1,1,1,1,1,1,1,1,2,2,0,0,1,1,0,1,2
#871,1,1,1,0,1,1,1,1,2,0,1,1,1,1,1,1,0,1
#872,1,4,1,1,0,0,1,1,0,2,1,1,4,1,1,1,2,1
#877,1,1,1,0,1,1,2,1,2,0,0,2,1,0,1,0,0,2
#874,0,0,2,1,2,1,2,0,2,0,1,1,1,1,1,1,2,1
#867,0,1,2,0,2,2,0,0,1,1,1,0,0,2,1,2,1,1
#864,0,1,1,1,1,1,0,0,1,1,1,0,1,2,1,2,1,1
#866,1,2,1,1,1,0,1,1,1,1,0,2,2,2,1,2,2,1
#868,1,1,1,1,1,1,0,2,1,1,1,0,1,1,0,0,2,1
#875,1,2,1,1,1,0,2,1,1,1,1,1,2,1,1,1,2,1
#876,1,1,1,1,1,1,1,1,1,1,0,2,1,0,1,2,1,1
#863,0,2,1,1,0,0,2,0,2,0,0,0,0,1,0,1,0,0
#862,1,1,1,1,1,1,4,1,1,1,0,2,1,0,1,0,1,2
#869,1,1,1,1,1,1,0,2,1,1,1,0,1,1,0,0,2,1
#860,1,1,1,1,1,1,1,2,1,1,0,1,1,0,0,0,2,2
#861,1,1,1,1,1,1,1,2,1,1,0,1,1,0,0,0,2,2
#858,1,1,1,1,1,1,0,2,1,1,0,1,1,2,0,1,2,1
#859,1,1,1,1,1,1,1,2,1,1,0,1,1,0,0,0,2,2
#865,1,1,1,1,1,1,1,1,1,2,2,0,0,1,1,0,1,2
#857,1,1,1,1,1,1,0,1,1,1,0,2,1,2,1,2,1,1
#855,0,1,1,1,1,1,0,0,1,1,1,0,1,2,1,2,1,1
#852,1,1,1,1,1,1,1,1,1,2,2,0,0,1,1,0,1,2
#856,1,1,1,1,1,1,0,1,1,1,0,2,1,2,1,2,1,1
#854,0,1,1,1,1,1,0,0,1,1,1,0,1,2,1,2,1,1
#853,1,1,1,1,1,1,1,1,1,2,2,0,0,1,1,0,1,2
#851,1,1,2,1,0,0,0,1,1,2,1,0,4,1,1,1,0,0
#849,1,1,1,0,0,1,0,0,4,0,2,0,1,1,1,1,0,0
#850,1,1,2,1,0,0,0,1,1,2,1,0,4,1,1,1,0,0
#845,1,0,0,4,1,1,0,1,0,1,1,0,2,1,1,1,0,1
#847,1,0,0,2,2,0,1,1,1,1,1,1,1,1,1,1,0,1
#846,1,0,0,2,2,0,1,1,1,1,1,1,1,1,1,1,0,1
#848,1,1,1,0,0,1,0,0,4,0,2,0,1,1,1,1,0,0
#842,1,1,0,0,0,4,1,2,0,2,1,2,1,1,2,1,1,2
#840,1,1,0,0,0,4,1,2,0,2,1,2,1,1,2,1,1,2
#839,0,0,4,1,1,0,2,0,4,0,1,0,2,1,1,1,1,0
#841,1,1,0,0,0,4,1,2,0,2,1,2,1,1,2,1,1,2
#843,1,1,2,0,2,2,1,0,1,1,1,1,0,1,1,1,1,1
#844,1,1,2,0,2,2,1,0,1,1,1,1,0,1,1,1,1,1
#838,0,0,4,1,1,0,2,0,4,0,1,0,2,1,1,1,1,0
#837,0,0,2,1,2,1,2,0,2,0,1,1,1,1,1,1,2,1
#836,1,1,1,0,1,1,1,1,2,0,1,1,1,1,1,1,0,1
#835,1,1,1,0,1,1,1,1,2,0,1,1,1,1,1,1,0,1
#833,1,0,0,2,2,0,1,1,1,1,1,1,1,1,1,1,0,1
#834,0,0,1,2,4,0,2,0,2,0,1,1,1,1,1,1,1,1
#826,1,2,1,1,0,1,0,1,0,2,0,2,2,2,1,2,1,1
#828,1,1,1,1,1,1,2,1,1,1,0,2,1,0,1,0,1,2
#827,1,1,1,1,1,1,2,1,1,1,0,2,1,0,1,0,1,2
#829,1,2,0,0,0,2,1,2,0,2,1,2,1,1,1,1,1,1
#830,1,2,0,0,0,2,1,2,0,2,1,2,1,1,1,1,1,1
#823,0,2,1,2,0,1,1,0,0,0,0,0,1,1,0,1,0,0
#821,1,1,1,2,0,2,0,1,0,1,1,0,2,1,1,1,1,1
#818,1,0,0,2,2,0,1,1,1,1,1,1,1,1,1,1,0,1
#822,1,1,1,2,0,2,0,1,0,1,1,0,2,1,1,1,1,1
#815,1,0,2,1,0,0,1,1,2,1,1,0,2,1,1,1,0,0
#832,1,1,1,1,1,1,2,1,1,1,1,1,1,0,1,1,1,1
#816,1,0,0,2,2,0,1,1,1,1,1,1,1,1,1,1,0,1
#820,1,1,1,1,1,1,2,1,1,1,1,1,1,0,1,1,1,1
#824,1,2,1,1,0,1,0,1,0,2,1,1,2,1,1,1,1,1
#825,1,2,1,1,0,1,0,1,0,2,0,2,2,2,1,2,1,1
#831,1,1,1,1,1,1,2,1,1,1,1,1,1,0,1,1,1,1
#819,1,1,1,1,1,1,2,1,1,1,1,1,1,0,1,1,1,1
#814,1,0,2,1,0,0,1,1,2,1,1,0,2,1,1,1,0,0
#817,1,0,0,2,2,0,1,1,1,1,1,1,1,1,1,1,0,1
#807,1,1,1,0,1,1,1,1,2,0,1,1,1,1,1,1,0,1
#811,1,2,0,0,0,2,1,2,0,2,1,2,1,1,1,1,1,1
#809,0,2,1,1,0,0,2,0,2,0,0,0,0,1,0,1,0,0
#813,1,0,2,1,0,0,1,1,2,1,1,0,2,1,1,1,0,0
#808,0,2,1,1,0,0,2,0,2,0,0,0,0,1,0,1,0,0
#810,1,2,0,0,0,2,1,2,0,2,1,2,1,1,1,1,1,1
#805,0,1,2,1,1,0,4,0,4,0,0,0,0,1,0,1,1,0
#804,1,0,0,0,0,2,0,0,2,1,2,0,1,1,2,1,1,1
#812,1,2,0,0,0,2,1,2,0,2,1,2,1,1,1,1,1,1
#802,0,1,1,1,1,1,0,0,1,2,2,0,0,2,1,1,1,2
#806,0,0,2,1,0,0,0,0,2,1,1,0,2,2,1,2,0,0
#796,1,1,1,0,1,1,1,1,2,0,1,1,1,1,1,1,0,1
#798,0,4,0,0,0,1,2,0,1,1,0,1,0,1,0,1,0,0
#799,1,0,0,0,0,2,2,1,1,1,0,2,1,0,2,0,1,4
#797,0,2,1,2,0,1,1,0,0,0,0,0,1,1,0,1,0,0
#795,1,2,1,1,0,1,0,1,0,4,2,0,1,1,1,0,1,2
#800,1,1,1,1,1,1,0,1,1,1,0,2,1,2,1,2,1,1
#801,0,2,1,1,0,0,1,0,2,0,0,0,0,1,0,0,1,0
#803,1,1,1,1,0,1,0,0,2,1,2,0,1,1,1,1,1,0
#794,1,2,1,1,0,1,0,1,0,4,2,0,1,1,1,0,1,2
#793,0,0,2,1,1,1,1,0,4,0,2,0,1,1,1,1,2,0
#792,0,1,1,1,1,1,0,0,1,1,0,1,1,4,1,4,1,1
#789,1,1,1,1,1,1,0,1,1,1,0,2,1,2,1,2,1,1
#791,0,2,1,1,0,0,1,0,2,0,0,1,0,2,0,2,0,0
#788,1,0,0,2,2,0,0,2,1,1,1,0,1,1,0,0,1,1
#790,1,1,1,1,1,1,0,1,1,1,0,2,1,2,1,2,1,1
#787,1,2,0,0,0,2,0,4,0,2,1,1,1,1,0,0,2,1
#785,1,1,1,0,1,1,0,2,2,0,1,0,1,1,0,0,1,1
#784,1,0,0,0,0,2,1,1,1,2,2,0,0,1,2,0,1,4
#780,1,0,0,0,0,2,2,1,1,1,1,1,1,0,2,1,1,2
#783,1,0,0,0,0,2,1,1,1,2,2,0,0,1,2,0,1,4
#786,1,1,1,1,1,1,0,2,1,1,0,1,1,2,0,1,2,1
#782,1,0,0,0,0,2,1,1,1,1,1,1,1,1,2,1,1,2
#778,0,1,1,1,1,1,0,1,1,1,1,0,1,2,0,1,2,1
#779,1,0,0,2,2,0,0,1,1,1,0,2,1,2,1,2,0,1
#781,0,2,0,0,0,2,0,1,0,2,1,1,1,2,1,2,1,1
#777,0,2,1,0,0,0,2,0,4,0,0,0,0,1,0,1,0,0
#773,1,1,1,1,1,1,2,1,1,1,1,1,1,0,1,1,1,1
#775,1,1,1,1,1,1,2,1,1,1,1,1,1,0,1,1,1,1
#772,1,1,1,1,1,1,2,1,1,1,1,1,1,0,1,1,1,1
#774,0,0,2,2,1,2,1,0,0,0,1,0,2,1,1,1,2,1
#771,1,0,0,2,2,0,1,1,1,1,1,1,1,1,1,1,0,1
#776,1,0,1,0,0,1,1,1,2,1,1,0,2,1,2,1,0,1
#769,0,1,2,0,2,2,0,0,1,1,1,0,0,2,1,2,1,1
#770,0,1,2,0,2,2,0,0,1,1,1,0,0,2,1,2,1,1
#768,1,1,0,2,1,0,0,1,0,2,1,1,2,1,1,1,0,1
#764,1,1,1,1,1,1,0,2,1,1,1,0,1,1,0,0,2,1
#767,1,1,0,2,1,0,0,1,0,2,1,1,2,1,1,1,0,1
#765,1,1,1,1,1,1,1,1,1,1,0,2,1,0,1,2,1,1
#758,1,0,2,1,0,0,0,0,4,1,2,0,2,1,1,1,0,0
#766,1,1,1,1,1,1,1,1,1,2,2,0,0,1,1,0,1,2
#759,1,1,1,1,1,1,2,1,1,2,2,0,0,0,1,0,1,2
#757,1,0,2,1,0,0,0,0,4,1,2,0,2,1,1,1,0,0
#761,1,2,0,0,0,2,1,2,0,2,1,2,1,1,1,1,1,1
#751,1,1,0,2,1,0,0,1,0,2,1,1,2,1,1,1,0,1
#760,1,1,1,1,1,1,2,1,1,2,2,0,0,0,1,0,1,2
#762,1,2,0,0,0,2,1,2,0,2,1,2,1,1,1,1,1,1
#753,1,2,0,0,0,2,1,2,0,2,1,2,1,1,1,1,1,1
#749,1,1,2,0,2,2,1,0,1,1,1,1,0,1,1,1,1,1
#752,1,1,0,2,1,0,0,1,0,2,1,1,2,1,1,1,0,1
#763,1,2,0,0,0,2,1,2,0,2,1,2,1,1,1,1,1,1
#750,1,1,2,0,2,2,1,0,1,1,1,1,0,1,1,1,1,1
#748,1,0,0,2,1,0,0,0,2,1,2,0,1,1,1,1,0,0
#754,1,2,0,0,0,2,1,2,0,2,1,2,1,1,1,1,1,1
#755,1,2,0,0,0,2,0,4,0,2,1,1,1,1,0,0,2,1
#747,1,0,0,2,1,0,0,0,2,1,2,0,1,1,1,1,0,0
#756,1,2,0,0,0,2,0,4,0,2,1,1,1,1,0,0,2,1
#745,0,0,2,1,2,1,2,0,2,0,1,1,1,1,1,1,2,1
#744,0,0,2,1,2,1,2,0,2,0,1,1,1,1,1,1,2,1
#739,1,1,1,1,1,1,1,1,1,2,2,0,0,1,1,0,1,2
#742,1,2,1,1,0,1,0,2,0,2,1,0,2,1,0,0,2,1
#746,1,0,0,2,2,0,1,1,1,1,1,1,1,1,1,1,0,1
#740,1,2,1,1,1,0,2,1,1,2,2,0,1,1,1,0,2,2
#737,1,2,1,0,0,1,0,1,1,1,1,1,2,1,1,1,0,1
#741,1,0,2,2,0,1,0,1,0,1,1,0,4,1,1,1,0,0
#735,1,1,1,1,1,1,2,1,1,1,1,1,1,0,1,1,1,1
#738,1,2,1,0,0,1,0,1,1,1,1,1,2,1,1,1,0,1
#743,1,2,1,1,0,1,0,2,0,2,1,0,2,1,0,0,2,1
#731,1,1,1,2,0,2,1,1,0,1,1,0,2,0,1,1,1,1
#736,1,2,1,1,0,1,0,1,0,2,1,1,2,1,1,1,1,1
#734,1,1,1,1,1,1,2,1,1,1,1,1,1,0,1,1,1,1
#728,1,0,0,2,2,0,1,1,1,1,1,1,1,1,1,1,0,1
#733,1,1,1,2,0,2,1,1,0,1,1,0,2,0,1,1,1,1
#727,1,0,2,1,0,0,2,1,2,1,0,1,2,0,1,0,0,1
#730,1,0,0,2,2,0,0,2,1,1,1,0,1,1,0,0,1,1
#729,1,0,0,2,2,0,1,1,1,1,1,1,1,1,1,1,0,1
#732,1,1,1,2,0,2,1,1,0,1,1,0,2,0,1,1,1,1
#724,0,2,0,0,0,2,0,1,0,2,1,1,1,2,1,2,1,1
#726,1,0,2,1,0,0,1,1,2,1,1,0,2,1,1,1,0,0
#725,1,0,2,1,0,0,1,1,2,1,1,0,2,1,1,1,0,0
#723,1,2,0,1,0,4,0,2,0,2,1,1,2,1,1,1,1,1
#720,0,1,1,1,1,1,0,0,1,1,0,1,1,4,1,4,1,1
#722,1,2,0,1,0,4,0,2,0,2,1,1,2,1,1,1,1,1
#721,1,0,1,2,1,0,1,1,2,1,1,0,2,1,1,1,0,0
#718,1,0,1,0,1,4,1,0,1,1,1,1,0,1,2,1,1,2
#719,0,0,2,1,2,1,1,1,2,0,1,0,1,1,0,0,4,1
#717,1,1,1,2,0,2,1,1,0,1,0,1,2,0,1,0,1,2
#716,1,1,1,1,1,1,0,2,1,1,1,0,1,1,0,0,2,1
#715,1,0,0,1,0,4,0,1,0,1,1,0,2,1,2,1,1,2
#708,0,2,0,0,0,2,0,1,0,2,1,1,1,2,1,2,1,1
#713,1,2,1,1,1,0,2,1,1,1,1,1,2,1,1,1,2,1
#712,1,2,1,1,1,0,2,1,1,1,1,1,2,1,1,1,2,1
#714,1,0,0,1,0,4,0,1,0,1,1,0,2,1,2,1,1,2
#707,0,2,1,1,0,0,1,0,2,0,0,0,0,1,0,0,1,0
#706,1,0,0,0,0,2,1,1,1,1,1,1,1,1,2,1,1,2
#710,0,2,0,0,0,2,0,1,0,2,1,1,1,2,1,2,1,1
#709,0,2,0,0,0,2,0,1,0,2,1,1,1,2,1,2,1,1
#711,0,2,0,0,0,2,0,1,0,2,1,1,1,2,1,2,1,1
#705,1,0,0,0,0,2,1,1,1,1,1,1,1,1,2,1,1,2
#704,1,0,0,0,0,2,1,1,1,1,1,1,1,1,2,1,1,2
#702,1,1,1,0,1,1,0,2,2,0,1,0,1,1,0,0,1,1
#699,0,1,2,1,2,0,4,0,2,0,1,1,2,1,1,1,4,1
#700,1,1,1,1,1,1,0,2,1,1,1,0,1,1,0,0,2,1
#703,0,0,2,1,2,1,1,1,2,0,1,0,1,1,0,0,4,1
#701,1,1,1,2,0,2,0,1,0,2,2,0,1,1,1,0,1,2
#696,0,0,1,0,1,2,2,0,2,0,1,1,1,1,2,1,2,2
#697,0,0,1,0,1,2,2,0,2,0,1,1,1,1,2,1,2,2
#691,1,0,0,0,0,2,0,0,2,1,2,0,1,1,2,1,1,1
#695,1,1,1,0,1,1,2,1,2,0,1,1,1,0,1,1,0,1
#694,1,1,1,0,1,1,2,1,2,0,1,1,1,0,1,1,0,1
#687,1,1,1,1,1,1,1,1,1,1,0,4,1,1,1,1,1,2
#686,1,1,1,1,1,1,1,1,1,1,0,4,1,1,1,1,1,2
#698,0,1,2,1,2,0,4,0,2,0,1,1,2,1,1,1,4,1
#692,1,0,0,2,2,0,1,1,1,1,1,1,1,1,1,1,0,1
#685,1,1,1,1,1,1,0,2,1,1,1,0,1,1,0,0,2,1
#690,1,0,0,2,1,0,0,0,2,1,2,0,1,1,1,1,0,0
#683,1,1,1,1,1,1,0,2,1,1,1,0,1,1,0,0,2,1
#688,0,0,1,2,4,0,2,0,2,0,1,1,1,1,1,1,1,1
#684,1,1,1,1,1,1,0,2,1,1,1,0,1,1,0,0,2,1
#693,1,0,0,2,2,0,1,1,1,1,1,1,1,1,1,1,0,1
#682,1,1,1,1,1,1,0,2,1,1,1,0,1,1,0,0,2,1
#680,0,2,1,1,0,0,0,0,2,0,0,0,0,2,0,2,0,0
#679,0,2,1,1,0,0,0,0,2,0,0,0,0,2,0,2,0,0
#677,1,1,1,1,1,1,0,1,1,1,0,2,1,2,1,2,1,1
#689,0,0,1,2,4,0,2,0,2,0,1,1,1,1,1,1,1,1
#673,1,2,0,0,0,2,1,2,0,2,1,2,1,1,1,1,1,1
#672,1,2,0,0,0,2,1,2,0,2,1,2,1,1,1,1,1,1
#676,1,1,1,1,1,1,2,1,1,1,1,1,1,0,1,1,1,1
#678,1,1,1,1,1,1,0,1,1,1,0,2,1,2,1,2,1,1
#669,1,1,1,1,1,1,0,2,1,1,1,0,1,1,0,0,2,1
#674,1,1,1,1,1,1,1,1,1,2,2,0,0,1,1,0,1,2
#681,0,2,1,1,0,0,0,0,2,0,0,0,0,2,0,2,0,0
#671,1,1,1,1,1,1,0,2,1,1,1,0,1,1,0,0,2,1
#670,1,1,1,1,1,1,0,2,1,1,1,0,1,1,0,0,2,1
#666,1,2,1,2,0,2,0,1,0,2,1,0,4,1,1,1,1,1
#664,1,2,1,1,0,1,0,1,0,2,1,1,2,1,1,1,1,1
#675,1,1,1,1,1,1,2,1,1,2,0,1,0,0,1,0,1,4
#667,1,0,2,1,0,0,2,1,2,1,1,0,2,0,1,1,0,0
#665,1,2,1,1,0,1,0,1,0,2,1,1,2,1,1,1,1,1
#663,1,0,2,2,0,1,0,1,0,1,1,0,4,1,1,1,0,0
#662,1,0,2,2,0,1,0,1,0,1,1,0,4,1,1,1,0,0
#668,1,0,2,1,0,0,2,1,2,1,1,0,2,0,1,1,0,0
#659,1,1,1,1,1,1,2,1,1,1,1,1,1,0,1,1,1,1
#660,1,1,2,0,2,2,2,0,1,1,1,1,0,0,1,1,1,1
#658,1,0,0,2,2,0,2,1,1,1,0,2,1,0,1,0,0,2
#656,1,0,0,2,2,0,1,1,1,1,1,1,1,1,1,1,0,1
#661,1,1,1,2,0,2,1,1,0,1,1,0,2,0,1,1,1,1
#653,1,0,2,1,0,0,1,1,2,1,1,0,2,1,1,1,0,0
#652,1,2,0,0,0,2,1,2,0,4,2,1,0,1,1,0,1,2
#655,1,0,2,1,0,0,0,1,2,1,0,1,2,2,1,2,0,0
#657,1,0,0,2,2,0,1,1,1,1,1,1,1,1,1,1,0,1
#654,1,0,2,1,0,0,1,1,2,1,1,0,2,1,1,1,0,0
#650,1,2,0,0,0,2,1,2,0,2,1,2,1,1,1,1,1,1
#649,0,4,1,1,0,0,1,0,1,1,0,0,1,1,0,1,0,0
#646,1,1,0,0,0,1,2,1,1,1,1,1,2,1,2,1,2,2
#647,1,0,0,2,2,0,1,1,1,2,2,0,0,1,1,0,0,2
#644,1,0,0,0,0,2,1,1,2,0,1,1,1,1,2,1,0,2
#648,1,1,1,1,1,1,1,1,1,1,0,2,1,0,1,2,1,1
#651,1,2,0,0,0,2,1,2,0,2,1,2,1,1,1,1,1,1
#645,1,1,2,0,1,4,0,0,0,1,1,0,1,1,1,1,1,1
#643,1,0,1,0,0,1,1,1,2,1,1,0,2,1,2,1,0,1
#642,1,1,1,1,0,2,0,1,0,0,1,0,2,1,1,1,0,1
#641,1,1,1,2,0,2,0,1,0,1,1,0,2,1,1,1,1,1
#639,0,0,2,1,2,1,2,0,2,1,2,0,0,1,1,0,2,2
#640,1,2,0,0,0,2,1,2,0,4,2,1,0,1,1,0,1,2
#636,1,1,2,1,0,0,0,1,1,2,1,0,4,1,1,1,0,0
#635,1,0,0,0,0,2,2,1,1,1,0,2,1,0,2,0,1,4
#630,1,1,1,2,0,2,1,1,0,1,0,1,2,0,1,0,1,2
#637,1,1,2,1,0,0,0,1,1,2,1,0,4,1,1,1,0,0
#638,0,2,1,1,0,0,2,0,2,1,1,0,0,1,0,0,0,1
#633,1,0,0,0,0,2,2,1,1,1,0,2,1,0,2,0,1,4
#634,1,0,0,0,0,2,2,1,1,1,0,2,1,0,2,0,1,4
#628,1,1,1,2,0,2,1,1,0,1,1,0,2,0,1,1,1,1
#629,1,1,1,2,0,2,1,1,0,1,0,1,2,0,1,0,1,2
#631,1,0,2,1,0,0,1,1,2,1,1,0,2,1,1,1,0,0
#632,0,4,1,1,0,0,1,0,1,1,0,0,1,1,0,1,0,0
#626,1,1,1,1,1,1,2,1,1,1,1,1,1,0,1,1,1,1
#622,0,1,2,0,2,2,0,0,1,1,1,0,0,2,1,2,1,1
#624,0,2,1,1,0,0,4,0,2,0,0,1,0,0,0,0,0,1
#627,1,1,1,2,0,2,1,1,0,1,1,0,2,0,1,1,1,1
#623,0,1,2,0,2,2,0,0,1,1,1,0,0,2,1,2,1,1
#625,0,2,1,1,0,0,4,0,2,0,0,1,0,0,0,0,0,1
#620,1,1,1,1,1,1,1,1,1,2,2,0,0,1,1,0,1,2
#621,1,0,0,0,0,2,1,1,1,1,1,1,1,1,2,1,1,2
#619,1,1,1,1,1,1,1,1,1,2,2,0,0,1,1,0,1,2
#616,1,2,1,1,0,1,0,1,0,2,1,1,2,1,1,1,1,1
#614,1,2,1,1,1,0,2,1,1,1,1,1,2,1,1,1,2,1
#615,1,2,1,1,1,0,2,1,1,1,1,1,2,1,1,1,2,1
#617,1,2,1,1,0,1,0,1,0,2,1,1,2,1,1,1,1,1
#611,1,0,0,0,0,2,1,1,1,1,1,1,1,1,2,1,1,2
#612,1,0,0,0,0,2,1,1,1,1,1,1,1,1,2,1,1,2
#610,1,0,0,0,0,2,1,1,1,1,1,1,1,1,2,1,1,2
#618,1,1,2,0,2,2,1,0,2,0,1,1,0,1,1,1,0,1
#602,1,1,1,0,1,1,1,1,2,0,1,1,1,1,1,1,0,1
#603,1,1,1,0,1,1,1,1,2,0,1,1,1,1,1,1,0,1
#609,0,0,2,1,0,0,0,0,2,1,1,0,2,2,1,2,0,0
#613,1,2,1,1,1,0,2,1,1,1,1,1,2,1,1,1,2,1
#604,1,1,1,0,1,1,1,1,2,0,1,1,1,1,1,1,0,1
#607,0,0,2,1,0,0,0,0,2,1,1,0,2,2,1,2,0,0
#608,0,0,2,1,0,0,0,0,2,1,1,0,2,2,1,2,0,0
#606,1,1,1,1,1,1,0,1,1,1,0,2,1,2,1,2,1,1
#601,0,2,1,1,0,0,2,0,2,0,0,0,0,1,0,1,0,0
#600,0,2,1,1,0,0,2,0,2,0,0,0,0,1,0,1,0,0
#596,1,2,1,0,0,1,0,1,1,1,1,1,2,1,1,1,0,1
#605,1,1,1,1,1,1,0,1,1,1,0,2,1,2,1,2,1,1
#598,0,4,0,0,0,1,2,0,1,1,0,1,0,1,0,1,0,0
#595,1,2,1,0,0,1,0,1,1,1,1,1,2,1,1,1,0,1
#594,1,0,0,2,2,0,1,1,1,1,1,1,1,1,1,1,0,1
#592,0,0,0,2,2,0,0,0,1,1,1,0,1,2,1,2,0,1
#597,0,4,0,0,0,1,2,0,1,1,0,1,0,1,0,1,0,0
#593,0,0,0,2,2,0,0,0,1,1,1,0,1,2,1,2,0,1
#599,0,2,1,1,0,0,2,0,2,0,0,0,0,1,0,1,0,0
#591,1,2,0,0,0,2,0,1,1,2,2,1,1,1,1,1,1,0
#590,1,2,0,0,0,2,0,1,1,2,2,1,1,1,1,1,1,0
#586,1,2,0,0,0,2,2,2,0,2,1,2,1,0,1,1,1,1
#585,1,2,0,0,0,2,2,2,0,2,1,2,1,0,1,1,1,1
#587,1,1,1,1,0,2,0,1,0,0,1,0,2,1,1,1,0,1
#588,1,2,1,1,0,1,0,1,0,2,1,1,2,1,1,1,1,1
#589,0,4,1,1,0,0,1,0,1,1,0,0,1,1,0,1,0,0
#583,1,2,1,1,1,0,2,1,1,1,1,1,2,1,1,1,2,1
#584,1,2,1,1,1,0,2,1,1,1,1,1,2,1,1,1,2,1
#582,1,2,1,1,1,0,2,1,1,1,1,1,2,1,1,1,2,1
#578,1,1,1,1,1,1,0,1,1,1,0,2,1,2,1,2,1,1
#581,1,0,0,4,1,1,0,1,0,1,1,0,2,1,1,1,0,1
#580,1,0,0,4,1,1,0,1,0,1,1,0,2,1,1,1,0,1
#577,1,1,1,1,1,1,0,1,1,1,0,2,1,2,1,2,1,1
#575,1,1,1,1,1,1,0,1,1,1,0,2,1,2,1,2,1,1
#579,1,1,1,1,1,1,0,1,1,1,0,2,1,2,1,2,1,1
#572,1,1,1,1,1,1,2,1,1,1,1,1,1,0,1,1,1,1
#573,1,1,1,1,1,1,2,1,1,1,1,1,1,0,1,1,1,1
#576,1,1,1,1,1,1,0,1,1,1,0,2,1,2,1,2,1,1
#574,1,1,1,1,1,1,0,1,1,1,0,2,1,2,1,2,1,1
#571,1,1,1,1,1,1,2,1,1,1,0,2,1,0,1,0,1,2
#570,1,1,1,1,1,1,2,1,1,1,0,2,1,0,1,0,1,2
#568,1,1,1,1,0,1,0,0,2,1,2,0,1,1,1,1,1,0
#569,1,1,1,1,0,1,0,0,2,1,2,0,1,1,1,1,1,0
#564,0,0,1,2,4,0,2,0,2,0,1,1,1,1,1,1,1,1
#562,0,1,1,1,1,1,0,0,1,1,1,0,1,2,1,2,1,1
#563,0,1,1,1,1,1,0,0,1,1,1,0,1,2,1,2,1,1
#566,0,0,2,2,1,2,1,0,0,0,1,0,2,1,1,1,2,1
#565,0,0,1,2,4,0,2,0,2,0,1,1,1,1,1,1,1,1
#567,0,0,2,2,1,2,1,0,0,0,1,0,2,1,1,1,2,1
#560,1,1,1,1,1,1,2,1,1,2,0,1,0,0,1,0,1,4
#561,1,1,1,2,0,2,0,1,0,1,0,1,2,2,1,2,1,1
#557,0,1,2,1,1,1,1,0,1,1,1,1,2,1,1,1,2,1
#559,1,1,1,1,1,1,2,1,1,2,0,1,0,0,1,0,1,4
#558,0,1,2,1,1,1,1,0,1,1,1,1,2,1,1,1,2,1
#552,1,1,2,0,2,2,2,0,1,1,0,2,0,0,1,0,1,2
#555,1,0,2,1,0,0,1,1,2,1,1,0,2,1,1,1,0,0
#556,1,2,0,0,0,2,1,2,0,2,1,2,1,1,1,1,1,1
#554,1,0,2,1,0,0,1,1,2,1,1,0,2,1,1,1,0,0
#550,1,0,0,2,2,0,1,1,1,1,1,1,1,1,1,1,0,1
#553,1,1,2,0,2,2,2,0,1,1,0,2,0,0,1,0,1,2
#549,1,2,0,0,0,2,1,2,0,2,1,2,1,1,1,1,1,1
#545,1,2,1,1,0,1,0,0,1,2,2,0,2,1,1,1,1,0
#547,1,2,0,0,0,2,0,4,0,2,1,1,1,1,0,0,2,1
#543,1,2,1,1,0,1,0,0,1,2,2,0,2,1,1,1,1,0
#546,1,2,0,0,0,2,0,4,0,2,1,1,1,1,0,0,2,1
#551,1,1,2,0,2,2,2,0,1,1,0,2,0,0,1,0,1,2
#544,1,2,1,1,0,1,0,0,1,2,2,0,2,1,1,1,1,0
#541,1,4,0,0,0,2,0,2,0,4,1,2,2,1,1,1,1,1
#548,1,2,0,0,0,2,1,2,0,2,1,2,1,1,1,1,1,1
#542,1,4,0,0,0,2,0,2,0,4,1,2,2,1,1,1,1,1
#540,1,4,0,0,0,2,0,2,0,4,1,2,2,1,1,1,1,1
#539,1,1,1,1,1,1,1,1,1,2,2,0,0,1,1,0,1,2
#538,1,1,1,1,1,1,1,1,1,2,2,0,0,1,1,0,1,2
#533,1,1,1,1,1,1,1,1,1,2,2,0,0,1,1,0,1,2
#535,1,0,0,2,2,0,1,1,1,1,1,1,1,1,1,1,0,1
#532,1,1,1,1,1,1,1,1,1,2,2,0,0,1,1,0,1,2
#537,1,0,1,0,4,1,1,0,1,1,1,1,0,1,1,1,0,1
#534,1,1,1,1,1,1,1,1,1,2,2,0,0,1,1,0,1,2
#531,1,1,1,1,1,1,2,1,1,1,1,1,1,0,1,1,1,1
#529,1,1,2,0,2,2,1,0,1,1,1,1,0,1,1,1,1,1
#530,0,2,2,0,1,1,2,0,2,0,0,0,0,1,0,1,0,0
#527,1,1,1,2,0,2,0,1,0,1,0,1,2,2,1,2,1,1
#526,0,0,2,1,2,1,2,0,2,0,1,1,1,1,1,1,2,1
#524,0,0,2,1,2,1,2,0,2,0,1,1,1,1,1,1,2,1
#536,1,0,1,0,4,1,1,0,1,1,1,1,0,1,1,1,0,1
#523,1,1,1,0,1,1,1,1,2,0,1,1,1,1,1,1,0,1
#522,1,1,1,0,1,1,1,1,2,0,1,1,1,1,1,1,0,1
#520,1,1,1,2,0,2,1,1,0,1,1,0,2,0,1,1,1,1
#521,1,1,1,2,0,2,1,1,0,1,1,0,2,0,1,1,1,1
#525,0,0,2,1,2,1,2,0,2,0,1,1,1,1,1,1,2,1
#519,1,1,1,2,0,2,1,1,0,1,1,0,2,0,1,1,1,1
#528,1,1,1,2,0,2,0,1,0,1,0,1,2,2,1,2,1,1
#515,1,0,0,2,2,0,1,1,1,1,1,1,1,1,1,1,0,1
#518,1,1,1,1,1,1,0,1,1,1,0,2,1,2,1,2,1,1
#517,1,1,1,1,1,1,0,1,1,1,0,2,1,2,1,2,1,1
#514,1,0,2,1,0,0,1,1,2,1,1,0,2,1,1,1,0,0
#516,1,0,0,2,2,0,1,1,1,1,1,1,1,1,1,1,0,1
#506,1,1,1,1,1,1,2,1,1,1,1,1,1,0,1,1,1,1
#511,1,2,0,0,0,2,1,2,0,2,1,2,1,1,1,1,1,1
#509,1,1,1,1,1,1,2,1,1,1,0,2,1,0,1,0,1,2
#512,1,2,0,0,0,2,1,2,0,2,1,2,1,1,1,1,1,1
#507,1,1,1,1,1,1,2,1,1,1,1,1,1,0,1,1,1,1
#505,1,1,1,1,1,1,2,1,1,1,1,1,1,0,1,1,1,1
#508,1,1,1,1,1,1,2,1,1,1,1,1,1,0,1,1,1,1
#513,1,0,2,1,0,0,1,1,2,1,1,0,2,1,1,1,0,0
#504,1,1,1,1,1,1,2,1,1,1,1,1,1,0,1,1,1,1
#503,1,0,0,2,2,0,1,1,1,1,1,1,1,1,1,1,0,1
#502,1,0,0,2,2,0,1,1,1,1,1,1,1,1,1,1,0,1
#497,1,2,0,0,0,2,1,2,0,2,1,2,1,1,1,1,1,1
#498,1,0,2,1,0,0,1,1,2,1,1,0,2,1,1,1,0,0
#501,1,0,0,2,2,0,1,1,1,1,1,1,1,1,1,1,0,1
#499,1,0,2,1,0,0,1,1,2,2,2,0,1,1,1,0,0,1
#495,1,2,0,0,0,2,1,2,0,2,1,2,1,1,1,1,1,1
#496,1,2,0,0,0,2,1,2,0,2,1,2,1,1,1,1,1,1
#500,1,0,2,1,0,0,1,1,2,2,2,0,1,1,1,0,0,1
#493,1,1,1,1,1,1,2,1,1,1,1,1,1,0,1,1,1,1
#494,1,0,2,1,0,0,0,1,2,1,0,1,2,2,1,2,0,0
#488,1,1,1,1,1,1,0,1,1,1,0,2,1,2,1,2,1,1
#490,1,0,0,2,2,0,1,1,1,1,1,1,1,1,1,1,0,1
#492,1,2,0,0,0,2,1,2,0,2,1,2,1,1,1,1,1,1
#489,1,0,0,2,2,0,1,1,1,1,1,1,1,1,1,1,0,1
#486,1,1,1,1,1,1,2,1,1,1,1,1,1,0,1,1,1,1
#487,0,0,0,0,0,2,0,0,1,1,1,0,1,2,2,2,1,2
#491,1,1,1,1,1,1,2,1,1,1,0,2,1,0,1,0,1,2
#484,1,0,0,1,1,1,1,1,1,1,1,1,1,1,2,1,0,2
#485,0,1,2,1,0,0,2,0,4,0,0,0,1,1,0,1,0,0
#482,1,1,1,1,1,1,0,1,1,1,0,2,1,2,1,2,1,1
#480,1,1,1,1,1,1,0,1,1,1,0,2,1,2,1,2,1,1
#479,0,1,1,0,1,1,0,0,2,0,1,0,1,2,1,2,0,1
#478,0,2,1,1,1,0,0,0,1,1,1,0,2,2,1,2,2,1
#483,0,1,0,0,0,1,2,0,2,0,0,0,0,1,1,1,0,1
#476,0,1,2,1,1,0,4,0,4,0,0,0,0,1,0,1,1,0
#474,1,1,1,1,1,1,2,1,1,1,1,1,1,0,1,1,1,1
#477,0,1,1,1,1,1,0,0,1,1,1,0,1,2,1,2,1,1
#475,1,1,1,1,1,1,0,1,1,2,1,1,0,2,1,1,1,2
#481,1,1,1,1,1,1,0,1,1,1,0,2,1,2,1,2,1,1
#469,1,2,1,2,0,2,0,1,0,2,1,0,4,1,1,1,1,1
#473,1,2,2,0,2,1,2,0,1,1,1,1,1,1,1,1,2,1
#471,1,2,1,1,1,0,2,1,1,1,1,1,2,1,1,1,2,1
#472,1,1,2,0,1,4,0,0,0,1,1,0,1,1,1,1,1,1
#467,1,0,2,1,0,0,1,1,2,1,1,0,2,1,1,1,0,0
#468,1,1,1,2,0,2,0,2,0,1,1,0,2,1,0,0,2,1
#464,0,0,4,0,4,2,2,0,2,0,1,1,0,1,1,1,2,1
#463,1,1,1,1,1,1,2,1,1,1,1,1,1,0,1,1,1,1
#470,1,2,0,0,0,2,1,2,0,2,1,2,1,1,1,1,1,1
#465,1,2,0,0,0,2,1,2,0,2,1,2,1,1,1,1,1,1
#466,1,1,1,0,1,1,1,1,2,0,1,1,1,1,1,1,0,1
#462,0,2,1,0,0,0,2,0,4,0,0,0,0,1,0,1,0,0
#460,1,4,0,0,0,1,2,2,0,2,1,2,2,1,1,1,2,1
#459,1,4,0,0,0,1,2,2,0,2,1,2,2,1,1,1,2,1
#461,1,2,1,1,1,0,4,1,1,1,0,2,2,0,1,0,2,2
#457,1,0,0,2,2,0,1,1,1,1,1,1,1,1,1,1,0,1
#454,1,1,1,1,0,1,0,0,2,2,4,0,0,1,1,0,1,1
#453,1,1,1,1,0,1,0,0,2,2,4,0,0,1,1,0,1,1
#456,1,0,0,2,2,0,1,1,1,1,1,1,1,1,1,1,0,1
#449,1,1,2,0,2,2,1,0,1,1,1,1,0,1,1,1,1,1
#455,1,2,0,0,0,2,1,2,0,2,1,2,1,1,1,1,1,1
#458,1,0,0,4,1,1,0,1,0,1,1,0,2,1,1,1,0,1
#452,1,1,1,1,0,1,1,0,2,1,0,1,1,0,1,0,1,1
#445,1,0,1,0,1,4,1,0,1,1,1,1,0,1,2,1,1,2
#448,0,2,1,1,0,0,2,0,2,1,1,0,0,1,0,0,0,1
#442,0,1,1,1,1,1,0,0,1,1,0,1,1,1,1,1,1,2
#451,1,2,1,1,0,1,0,0,1,2,2,0,2,1,1,1,1,0
#446,1,1,1,1,1,1,2,1,1,1,1,1,1,0,1,1,1,1
#443,1,0,1,0,1,4,1,0,1,1,1,1,0,1,2,1,1,2
#444,1,0,1,0,1,4,1,0,1,1,1,1,0,1,2,1,1,2
#447,1,1,1,1,1,1,1,1,1,2,2,0,0,1,1,0,1,2
#450,1,1,2,0,2,2,1,0,1,1,1,1,0,1,1,1,1,1
#440,1,1,1,1,1,1,2,1,1,1,1,1,1,0,1,1,1,1
#441,1,1,1,2,0,2,1,1,0,1,1,0,2,0,1,1,1,1
#438,0,0,2,1,2,1,2,0,2,0,1,1,1,1,1,1,2,1
#436,0,2,1,1,0,0,1,0,2,0,0,1,0,2,0,2,0,0
#437,0,2,1,1,0,0,1,0,2,0,0,1,0,2,0,2,0,0
#439,1,1,1,1,1,1,0,2,1,1,0,1,1,2,0,1,2,1
#433,1,1,1,1,1,1,0,1,1,1,0,2,1,2,1,2,1,1
#435,1,1,1,1,0,1,1,0,2,1,0,1,1,0,1,0,1,1
#434,1,1,1,1,0,1,1,0,2,1,0,1,1,0,1,0,1,1
#427,1,1,1,1,1,1,2,1,1,1,1,1,1,0,1,1,1,1
#431,1,1,1,1,1,1,2,1,1,1,1,1,1,0,1,1,1,1
#424,1,1,1,1,1,1,2,1,1,1,1,1,1,0,1,1,1,1
#428,1,1,1,1,1,1,2,1,1,1,1,1,1,0,1,1,1,1
#426,0,1,1,2,0,2,0,0,0,1,1,0,2,2,1,2,1,1
#429,0,1,1,1,1,1,0,0,1,1,1,0,1,2,1,2,1,1
#423,1,0,1,0,4,1,1,0,1,1,1,1,0,1,1,1,0,1
#432,1,1,1,1,1,1,2,1,1,1,1,1,1,0,1,1,1,1
#430,1,1,1,2,0,2,1,1,0,1,0,1,2,0,1,0,1,2
#420,1,2,0,0,0,2,1,2,0,2,1,2,1,1,1,1,1,1
#422,1,0,0,2,2,0,1,1,1,1,1,1,1,1,1,1,0,1
#418,1,0,0,2,2,0,1,1,1,1,1,1,1,1,1,1,0,1
#425,0,1,1,2,0,2,0,0,0,1,1,0,2,2,1,2,1,1
#421,1,2,0,0,0,2,1,2,0,2,1,2,1,1,1,1,1,1
#419,1,0,0,2,2,0,1,1,1,1,1,1,1,1,1,1,0,1
#417,1,1,1,0,1,1,1,1,2,0,1,1,1,1,1,1,0,1
#412,1,2,1,1,0,1,0,1,0,2,1,1,2,1,1,1,1,1
#416,1,2,1,2,0,2,0,1,0,2,1,0,4,1,1,1,1,1
#414,1,2,1,2,0,2,0,1,0,2,1,0,4,1,1,1,1,1
#415,1,2,1,2,0,2,0,1,0,2,1,0,4,1,1,1,1,1
#411,0,1,2,1,1,0,4,0,4,0,0,0,0,1,0,1,1,0
#407,1,2,0,0,0,2,0,1,1,2,2,1,1,1,1,1,1,0
#410,0,1,2,1,1,0,4,0,4,0,0,0,0,1,0,1,1,0
#413,1,4,0,0,0,2,0,2,0,4,1,2,2,1,1,1,1,1
#409,0,0,2,1,2,1,2,0,2,0,1,1,1,1,1,1,2,1
#403,1,1,1,0,1,1,1,1,2,0,1,1,1,1,1,1,0,1
#408,0,0,2,1,2,1,2,0,2,0,1,1,1,1,1,1,2,1
#404,1,1,1,0,1,1,1,1,2,0,1,1,1,1,1,1,0,1
#406,1,2,0,0,0,2,0,1,1,2,2,1,1,1,1,1,1,0
#402,1,2,1,1,0,1,0,1,0,2,1,1,2,1,1,1,1,1
#401,1,2,1,1,0,1,0,1,0,2,1,1,2,1,1,1,1,1
#400,1,0,0,2,2,0,2,1,1,1,1,1,1,0,1,1,0,1
#405,1,1,1,0,1,1,1,1,2,0,1,1,1,1,1,1,0,1
#399,1,1,1,1,1,1,2,1,1,1,1,1,1,0,1,1,1,1
#398,1,1,1,2,0,2,1,1,0,1,1,0,2,0,1,1,1,1
#397,1,1,1,2,0,2,1,1,0,1,1,0,2,0,1,1,1,1
#395,0,1,0,2,1,0,2,0,2,0,0,0,0,1,0,1,0,0
#392,1,0,2,1,0,0,1,1,2,2,2,0,1,1,1,0,0,1
#396,1,1,1,2,0,2,1,1,0,1,1,0,2,0,1,1,1,1
#394,1,0,0,2,2,0,1,1,1,1,1,1,1,1,1,1,0,1
#390,1,0,2,1,0,0,1,1,2,1,1,0,2,1,1,1,0,0
#393,1,0,0,2,2,0,1,1,1,1,1,1,1,1,1,1,0,1
#391,1,0,2,1,0,0,1,1,2,2,2,0,1,1,1,0,0,1
#388,1,2,0,0,0,2,1,2,0,2,1,2,1,1,1,1,1,1
#385,0,2,1,1,0,0,1,0,2,0,0,1,0,2,0,2,0,0
#386,1,1,1,1,1,1,0,1,1,1,0,2,1,2,1,2,1,1
#389,1,2,1,0,1,4,1,1,0,2,1,2,0,1,1,1,1,1
#384,1,0,0,1,0,4,0,1,0,1,1,0,2,1,2,1,1,2
#383,1,1,2,0,2,2,1,0,1,1,1,1,0,1,1,1,1,1
#382,1,0,0,2,2,0,1,1,1,1,1,1,1,1,1,1,0,1
#387,1,2,0,0,0,2,1,2,0,2,1,2,1,1,1,1,1,1
#381,1,0,0,0,0,2,0,1,1,1,0,2,1,2,2,2,1,2
#378,1,2,1,1,1,0,2,1,1,1,1,1,2,1,1,1,2,1
#377,0,0,2,1,2,1,2,0,2,0,1,1,1,1,1,1,2,1
#379,0,2,1,1,0,0,2,0,2,0,0,0,0,1,0,1,0,0
#376,0,2,1,1,0,0,1,0,2,0,0,1,0,2,0,2,0,0
#380,1,0,0,0,0,2,0,1,1,1,0,2,1,2,2,2,1,2
#374,0,2,1,1,0,0,1,0,2,0,0,1,0,2,0,2,0,0
#372,1,0,0,0,0,2,1,1,1,1,1,1,1,1,2,1,1,2
#369,0,0,1,2,4,0,2,0,2,0,1,1,1,1,1,1,1,1
#375,0,2,1,1,0,0,1,0,2,0,0,1,0,2,0,2,0,0
#367,1,0,0,2,2,0,1,1,1,1,1,1,1,1,1,1,0,1
#368,1,0,0,2,2,0,1,1,1,1,1,1,1,1,1,1,0,1
#371,1,0,0,0,0,2,1,1,1,1,1,1,1,1,2,1,1,2
#370,1,0,0,2,2,0,1,1,1,1,1,1,1,1,1,1,0,1
#364,1,1,0,2,2,0,2,1,1,1,1,1,2,1,1,1,1,1
#365,1,1,0,2,2,0,2,1,1,1,1,1,2,1,1,1,1,1
#366,1,0,0,2,2,0,1,1,1,1,1,1,1,1,1,1,0,1
#360,1,1,1,1,1,1,0,1,1,1,0,2,1,2,1,2,1,1
#359,1,1,1,1,1,1,2,1,1,1,0,2,1,0,1,0,1,2
#362,1,2,1,1,1,0,2,1,1,1,1,1,2,1,1,1,2,1
#357,1,2,0,1,0,4,0,2,0,2,1,1,2,1,1,1,1,1
#373,1,0,0,1,0,4,0,1,0,1,1,0,2,1,2,1,1,2
#356,0,1,1,1,1,1,0,0,1,1,1,0,1,2,1,2,1,1
#358,1,1,1,1,1,1,0,1,1,1,0,2,1,2,1,2,1,1
#363,1,1,0,2,2,0,2,1,1,1,1,1,2,1,1,1,1,1
#353,0,1,1,1,1,1,0,0,1,1,1,0,1,2,1,2,1,1
#354,0,1,1,1,1,1,0,0,1,1,1,0,1,2,1,2,1,1
#361,1,2,1,1,1,0,2,1,1,1,1,1,2,1,1,1,2,1
#352,1,1,1,1,1,1,2,1,1,1,1,1,1,0,1,1,1,1
#351,1,1,1,1,1,1,2,1,1,1,1,1,1,0,1,1,1,1
#350,1,0,0,2,2,0,1,1,1,1,1,1,1,1,1,1,0,1
#355,0,1,1,1,1,1,0,0,1,1,1,0,1,2,1,2,1,1
#349,1,0,0,2,2,0,1,1,1,1,1,1,1,1,1,1,0,1
#347,0,1,2,1,1,1,1,0,1,1,1,1,2,1,1,1,2,1
#345,0,1,1,0,1,2,2,1,1,1,1,2,1,1,1,1,2,1
#348,0,1,2,1,1,1,1,0,1,1,1,1,2,1,1,1,2,1
#346,0,1,1,0,1,2,2,1,1,1,1,2,1,1,1,1,2,1
#343,1,1,2,0,2,2,0,0,1,1,0,2,0,2,1,2,1,1
#342,1,0,0,2,2,0,2,1,1,1,0,2,1,0,1,0,0,2
#344,1,1,2,0,2,2,0,0,1,1,0,2,0,2,1,2,1,1
#340,1,0,1,0,4,1,1,0,1,1,1,1,0,1,1,1,0,1
#339,1,0,1,0,4,1,1,0,1,1,1,1,0,1,1,1,0,1
#335,1,1,1,1,1,1,2,1,1,1,1,1,1,0,1,1,1,1
#337,0,0,2,1,2,1,1,0,2,0,0,2,1,2,1,2,2,1
#334,1,0,0,1,0,4,0,1,0,1,1,0,2,1,2,1,1,2
#341,1,0,0,2,2,0,1,1,1,1,1,1,1,1,1,1,0,1
#336,1,1,1,1,0,1,0,0,2,1,2,0,1,1,1,1,1,0
#332,1,2,0,0,0,2,2,2,0,2,0,4,1,0,1,0,1,2
#338,0,0,2,1,2,1,1,0,2,0,0,2,1,2,1,2,2,1
#333,1,1,1,2,0,2,1,1,0,1,1,0,2,0,1,1,1,1
#328,1,1,2,0,2,2,1,0,1,1,1,1,0,1,1,1,1,1
#327,1,1,1,1,1,1,2,1,1,1,1,1,1,0,1,1,1,1
#329,1,0,1,0,1,4,1,0,1,1,1,1,0,1,2,1,1,2
#331,1,2,0,0,0,2,1,2,0,2,1,2,1,1,1,1,1,1
#325,1,1,1,1,1,1,0,1,1,1,0,2,1,2,1,2,1,1
#324,1,0,2,1,0,0,1,1,2,1,1,0,2,1,1,1,0,0
#330,1,0,1,0,1,4,1,0,1,1,1,1,0,1,2,1,1,2
#326,1,1,1,1,1,1,0,1,1,1,0,2,1,2,1,2,1,1
#322,1,0,4,0,1,1,1,0,2,1,1,0,1,1,1,1,0,0
#323,1,0,4,0,1,1,1,0,2,1,1,0,1,1,1,1,0,0
#321,1,0,0,2,2,0,1,1,1,1,1,1,1,1,1,1,0,1
#319,1,0,0,2,2,0,2,1,1,1,0,2,1,0,1,0,0,2
#320,1,0,0,2,2,0,1,1,1,1,1,1,1,1,1,1,0,1
#318,1,0,0,2,2,0,2,1,1,1,0,2,1,0,1,0,0,2
#317,1,1,1,1,0,1,0,0,2,1,2,0,1,1,1,1,1,0
#315,1,2,0,0,0,2,0,1,1,2,2,1,1,1,1,1,1,0
#316,1,1,1,1,0,1,0,0,2,1,2,0,1,1,1,1,1,0
#311,1,1,1,0,1,1,1,1,2,0,1,1,1,1,1,1,0,1
#314,1,2,1,1,0,1,0,1,0,2,1,1,2,1,1,1,1,1
#312,1,1,1,0,1,1,1,1,2,0,1,1,1,1,1,1,0,1
#309,1,1,1,0,1,1,1,1,2,0,1,1,1,1,1,1,0,1
#310,1,1,1,0,1,1,1,1,2,0,1,1,1,1,1,1,0,1
#307,1,1,1,1,1,1,0,1,1,2,1,1,0,2,1,1,1,2
#313,1,2,1,1,0,1,0,1,0,2,1,1,2,1,1,1,1,1
#308,1,1,1,1,1,1,0,1,1,2,1,1,0,2,1,1,1,2
#306,0,1,2,1,1,0,4,0,4,0,0,0,0,1,0,1,1,0
#304,0,1,2,1,1,0,4,0,4,0,0,0,0,1,0,1,1,0
#305,0,1,2,1,1,0,4,0,4,0,0,0,0,1,0,1,1,0
#300,1,1,1,1,1,1,2,1,1,1,1,1,1,0,1,1,1,1
#302,0,1,1,1,1,1,0,0,1,1,0,1,1,1,1,1,1,2
#301,1,1,1,1,1,1,2,1,1,1,1,1,1,0,1,1,1,1
#303,0,2,1,1,0,0,1,0,2,0,0,0,0,1,0,0,1,0
#299,0,0,2,1,2,1,2,0,2,0,1,1,1,1,1,1,2,1
#297,1,1,1,1,1,1,1,1,1,2,2,0,0,1,1,0,1,2
#295,1,1,1,1,1,1,2,1,1,1,1,1,1,0,1,1,1,1
#298,1,1,1,1,1,1,1,2,1,1,1,0,1,0,0,0,2,1
#296,1,1,1,1,1,1,1,1,1,2,2,0,0,1,1,0,1,2
#292,0,2,1,1,0,1,0,0,0,2,1,0,2,2,1,2,1,1
#290,1,2,2,0,1,2,0,0,0,2,1,1,1,1,1,1,1,1
#294,1,1,1,1,1,1,2,1,1,1,1,1,1,0,1,1,1,1
#293,1,1,1,1,1,1,2,1,1,1,1,1,1,0,1,1,1,1
#286,1,2,0,0,0,2,1,2,0,4,2,1,0,1,1,0,1,2
#287,1,1,1,1,1,1,2,1,1,1,1,1,1,0,1,1,1,1
#291,1,2,1,2,0,2,0,1,0,2,1,0,4,1,1,1,1,1
#288,1,1,1,1,1,1,2,1,1,1,1,1,1,0,1,1,1,1
#285,1,2,0,0,0,2,1,2,0,2,1,2,1,1,1,1,1,1
#289,1,1,1,1,1,1,2,1,1,1,1,1,1,0,1,1,1,1
#283,1,1,0,2,1,0,0,1,0,2,1,1,2,1,1,1,0,1
#282,1,1,1,1,1,1,0,2,1,1,0,1,1,2,0,1,2,1
#281,1,1,1,1,1,1,0,2,1,1,0,1,1,2,0,1,2,1
#284,1,2,1,2,0,2,0,1,0,2,1,0,4,1,1,1,1,1
#280,1,1,1,1,1,1,0,2,1,1,0,1,1,2,0,1,2,1
#279,1,0,0,4,1,1,0,1,0,1,1,0,2,1,1,1,0,1
#277,1,1,1,2,0,2,1,1,0,1,1,0,2,0,1,1,1,1
#274,1,2,0,0,0,2,2,2,0,2,0,4,1,0,1,0,1,2
#275,1,2,0,0,0,2,2,2,0,2,0,4,1,0,1,0,1,2
#276,1,1,1,2,0,2,1,1,0,1,1,0,2,0,1,1,1,1
#278,1,0,0,4,1,1,0,1,0,1,1,0,2,1,1,1,0,1
#273,1,2,0,0,0,2,1,2,0,2,1,2,1,1,1,1,1,1
#272,1,1,0,1,1,1,1,2,0,2,1,2,1,1,1,1,0,1
#271,1,1,0,1,1,1,1,2,0,2,1,2,1,1,1,1,0,1
#265,1,2,1,1,0,1,0,1,0,2,1,1,2,1,1,1,1,1
#270,1,1,0,1,1,1,1,2,0,2,1,2,1,1,1,1,0,1
#268,1,2,1,1,0,1,0,1,0,2,1,1,2,1,1,1,1,1
#266,1,2,1,1,0,1,0,1,0,2,1,1,2,1,1,1,1,1
#264,1,1,1,1,1,1,2,1,1,1,1,1,1,0,1,1,1,1
#267,1,2,1,2,0,2,0,1,0,2,1,0,4,1,1,1,1,1
#263,1,1,1,1,1,1,2,1,1,1,1,1,1,0,1,1,1,1
#262,1,1,1,1,1,1,2,1,1,1,0,2,1,0,1,0,1,2
#269,1,2,1,1,0,1,0,0,1,2,2,0,2,1,1,1,1,0
#261,1,1,1,1,1,1,2,1,1,1,0,2,1,0,1,0,1,2
#260,1,0,1,0,4,1,1,0,1,1,1,1,0,1,1,1,0,1
#259,1,0,1,0,4,1,1,0,1,1,1,1,0,1,1,1,0,1
#258,1,0,0,2,2,0,1,1,1,1,1,1,1,1,1,1,0,1
#256,1,0,2,1,0,0,1,1,2,2,2,0,1,1,1,0,0,1
#257,1,0,2,1,0,0,1,1,2,2,2,0,1,1,1,0,0,1
#255,1,0,2,1,0,0,1,1,2,1,1,0,2,1,1,1,0,0
#254,1,2,0,0,0,2,1,2,0,2,1,2,1,1,1,1,1,1
#253,1,2,0,0,0,2,1,2,0,2,1,2,1,1,1,1,1,1
#248,0,0,2,1,2,1,4,0,2,0,0,2,1,0,1,0,2,2
#247,0,0,4,0,4,2,2,0,2,0,1,1,0,1,1,1,2,1
#245,1,0,0,2,2,0,1,1,1,1,1,1,1,1,1,1,0,1
#250,1,0,2,2,0,1,0,1,0,1,1,0,4,1,1,1,0,0
#251,1,2,0,0,0,2,0,2,0,2,0,4,1,2,1,2,1,1
#249,1,1,1,2,0,2,0,1,0,1,0,1,2,2,1,2,1,1
#244,1,0,2,1,0,0,1,1,2,1,1,0,2,1,1,1,0,0
#246,0,0,4,0,4,2,2,0,2,0,1,1,0,1,1,1,2,1
#240,1,0,2,1,0,0,1,1,2,1,1,0,2,1,1,1,0,0
#252,1,2,0,0,0,2,1,2,0,2,1,2,1,1,1,1,1,1
#243,1,1,1,0,1,1,1,1,2,0,1,1,1,1,1,1,0,1
#242,1,1,1,1,1,1,2,1,1,1,1,1,1,0,1,1,1,1
#241,1,1,1,1,1,1,2,1,1,1,1,1,1,0,1,1,1,1
#238,1,2,1,1,1,0,1,1,1,1,0,2,2,2,1,2,2,1
#239,1,1,1,0,1,1,1,1,2,0,1,1,1,1,1,1,0,1
#237,1,1,1,1,1,1,1,1,1,2,2,0,0,1,1,0,1,2
#235,1,1,1,1,1,1,2,1,1,1,1,1,1,0,1,1,1,1
#233,1,1,1,1,1,1,2,1,1,1,1,1,1,0,1,1,1,1
#230,1,0,0,1,1,1,1,1,1,1,1,1,1,1,2,1,0,2
#231,1,1,2,0,2,2,1,0,1,1,1,1,0,1,1,1,1,1
#232,1,1,2,0,2,2,1,0,1,1,1,1,0,1,1,1,1,1
#236,1,1,1,1,1,1,1,1,1,2,2,0,0,1,1,0,1,2
#234,1,1,1,1,1,1,2,1,1,1,1,1,1,0,1,1,1,1
#227,0,2,1,2,0,1,1,0,0,0,0,0,1,1,0,1,0,0
#226,1,0,0,4,1,1,0,1,0,1,1,0,2,1,1,1,0,1
#223,1,0,0,2,2,0,1,1,1,1,1,1,1,1,1,1,0,1
#224,1,0,0,2,2,0,1,1,1,1,1,1,1,1,1,1,0,1
#229,1,0,2,1,0,0,2,1,2,1,0,1,2,0,1,0,0,1
#225,1,2,1,2,0,1,1,1,0,1,1,0,4,1,1,1,2,1
#220,1,2,2,0,2,1,2,0,1,1,1,1,1,1,1,1,2,1
#221,1,2,2,0,2,1,2,0,1,1,1,1,1,1,1,1,2,1
#228,1,0,2,1,0,0,2,1,2,1,0,1,2,0,1,0,0,1
#219,0,0,4,1,1,0,2,0,4,0,1,0,2,1,1,1,1,0
#218,1,0,2,1,0,0,1,1,2,1,1,0,2,1,1,1,0,0
#222,0,0,1,2,4,0,2,0,2,0,1,1,1,1,1,1,1,1
#217,1,1,1,1,1,1,2,1,1,1,1,1,1,0,1,1,1,1
#216,1,1,1,1,1,1,2,1,1,1,1,1,1,0,1,1,1,1
#215,1,2,1,1,1,0,4,1,1,1,0,2,2,0,1,0,2,2
#213,0,1,2,1,1,1,1,0,1,1,1,1,2,1,1,1,2,1
#214,1,2,1,1,0,1,0,1,0,4,2,0,1,1,1,0,1,2
#212,0,4,1,1,0,0,1,0,1,1,0,0,1,1,0,1,0,0
#208,0,2,2,0,1,1,2,0,2,0,0,0,0,1,0,1,0,0
#211,1,0,0,2,1,0,0,0,2,1,2,0,1,1,1,1,0,0
#203,1,1,1,1,1,1,1,1,1,1,0,2,1,0,1,2,1,1
#209,1,1,1,1,1,1,0,2,1,1,1,0,1,1,0,0,2,1
#206,1,1,1,1,1,1,2,1,1,1,1,1,1,0,1,1,1,1
#207,1,1,2,0,1,4,0,0,0,1,1,0,1,1,1,1,1,1
#205,0,4,1,1,0,0,1,0,1,1,0,0,1,1,0,1,0,0
#202,1,1,1,1,1,1,0,1,1,1,0,2,1,2,1,2,1,1
#200,0,1,1,1,1,1,0,0,1,1,1,0,1,2,1,2,1,1
#210,1,1,1,1,1,1,0,2,1,1,1,0,1,1,0,0,2,1
#197,1,1,1,1,1,1,2,1,1,1,0,2,1,0,1,0,1,2
#201,1,1,1,1,1,1,0,1,1,1,0,2,1,2,1,2,1,1
#196,1,1,1,1,1,1,0,1,1,1,0,2,1,2,1,2,1,1
#198,1,1,1,2,0,2,1,1,0,1,0,1,2,0,1,0,1,2
#204,1,2,1,1,0,1,0,1,0,2,1,1,2,1,1,1,1,1
#195,1,0,1,0,4,1,1,0,1,1,1,1,0,1,1,1,0,1
#199,1,0,0,2,2,0,0,1,1,1,0,2,1,2,1,2,0,1
#190,1,1,1,1,1,1,2,1,1,1,1,1,1,0,1,1,1,1
#193,1,2,1,2,0,2,0,1,0,2,1,0,4,1,1,1,1,1
#192,1,2,0,0,0,2,1,2,0,2,1,2,1,1,1,1,1,1
#191,1,2,0,0,0,2,1,2,0,2,1,2,1,1,1,1,1,1
#188,1,2,0,1,0,4,0,2,0,2,1,1,2,1,1,1,1,1
#187,1,2,0,1,0,4,0,2,0,2,1,1,2,1,1,1,1,1
#194,1,0,1,0,4,1,1,0,1,1,1,1,0,1,1,1,0,1
#189,1,2,0,1,0,4,0,2,0,2,1,1,2,1,1,1,1,1
#186,1,0,0,2,2,0,1,1,1,1,1,1,1,1,1,1,0,1
#180,1,1,1,0,1,1,1,1,2,0,1,1,1,1,1,1,0,1
#183,1,0,0,2,2,0,0,2,1,1,1,0,1,1,0,0,1,1
#182,1,2,0,0,0,2,1,2,0,2,1,2,1,1,1,1,1,1
#184,1,0,0,2,2,0,0,2,1,1,1,0,1,1,0,0,1,1
#179,1,1,1,0,1,1,1,1,2,0,1,1,1,1,1,1,0,1
#177,1,1,1,2,0,2,0,1,0,1,0,1,2,2,1,2,1,1
#178,1,1,1,2,0,2,0,1,0,1,0,1,2,2,1,2,1,1
#181,1,1,1,0,1,1,1,1,2,0,1,1,1,1,1,1,0,1
#185,0,0,2,1,2,1,2,0,2,0,1,1,1,1,1,1,2,1
#175,1,1,1,1,1,1,0,2,1,1,1,0,1,1,0,0,2,1
#176,1,1,1,2,0,2,0,2,0,1,1,0,2,1,0,0,2,1
#172,1,1,1,0,1,1,1,1,2,0,1,1,1,1,1,1,0,1
#173,1,1,1,1,1,1,0,2,1,1,1,0,1,1,0,0,2,1
#171,1,0,0,1,2,0,1,1,2,0,1,1,1,1,1,1,0,1
#170,1,0,0,1,2,0,1,1,2,0,1,1,1,1,1,1,0,1
#174,1,1,1,1,1,1,1,2,1,1,1,0,1,0,0,0,2,1
#164,1,1,1,2,0,2,1,1,0,1,1,0,2,0,1,1,1,1
#167,1,2,1,1,0,1,0,0,1,2,2,0,2,1,1,1,1,0
#166,1,2,1,2,0,2,0,1,0,2,1,0,4,1,1,1,1,1
#169,1,1,1,2,0,2,0,0,0,1,2,0,2,1,1,1,1,0
#161,1,1,1,1,1,1,2,1,1,1,1,1,1,0,1,1,1,1
#168,1,2,1,1,0,1,0,0,1,2,2,0,2,1,1,1,1,0
#159,1,0,0,2,2,0,1,1,1,1,1,1,1,1,1,1,0,1
#158,1,0,0,2,2,0,1,1,1,1,1,1,1,1,1,1,0,1
#163,1,1,1,2,0,2,1,1,0,1,1,0,2,0,1,1,1,1
#165,1,2,1,2,0,2,0,1,0,2,1,0,4,1,1,1,1,1
#162,1,1,1,1,1,1,2,1,1,1,1,1,1,0,1,1,1,1
#157,1,0,2,1,0,0,1,1,2,1,1,0,2,1,1,1,0,0
#160,1,0,0,2,2,0,1,1,1,1,1,1,1,1,1,1,0,1
#156,1,0,2,1,0,0,1,1,2,1,1,0,2,1,1,1,0,0
#155,1,0,2,1,0,0,1,1,2,1,1,0,2,1,1,1,0,0
#149,1,0,0,1,0,4,0,1,0,1,1,0,2,1,2,1,1,2
#152,1,2,0,0,0,2,1,2,0,2,1,2,1,1,1,1,1,1
#153,1,2,0,0,0,2,1,2,0,2,1,2,1,1,1,1,1,1
#154,1,2,0,0,0,2,1,2,0,2,1,2,1,1,1,1,1,1
#151,1,1,1,1,1,1,0,1,1,1,0,2,1,2,1,2,1,1
#146,1,0,2,2,0,1,0,1,0,1,1,0,4,1,1,1,0,0
#145,1,1,1,1,0,2,0,1,0,0,1,0,2,1,1,1,0,1
#143,1,1,1,1,1,1,2,1,1,1,1,1,1,0,1,1,1,1
#147,1,0,0,0,0,2,1,1,1,1,1,1,1,1,2,1,1,2
#144,1,2,1,2,0,1,1,1,0,1,1,0,4,1,1,1,2,1
#150,1,1,1,1,1,1,0,1,1,1,0,2,1,2,1,2,1,1
#138,0,0,1,2,4,0,2,0,2,0,1,1,1,1,1,1,1,1
#142,0,0,2,2,1,2,1,0,0,0,1,0,2,1,1,1,2,1
#148,1,0,0,0,0,2,1,1,1,1,1,1,1,1,2,1,1,2
#137,1,1,1,1,1,1,2,1,1,1,1,1,1,0,1,1,1,1
#139,0,0,1,2,4,0,2,0,2,0,1,1,1,1,1,1,1,1
#135,1,1,1,0,1,1,1,1,2,0,1,1,1,1,1,1,0,1
#141,0,0,1,2,4,0,2,0,2,0,1,1,1,1,1,1,1,1
#136,1,0,2,1,0,0,1,1,2,1,1,0,2,1,1,1,0,0
#140,0,0,1,2,4,0,2,0,2,0,1,1,1,1,1,1,1,1
#134,1,0,0,2,2,0,1,1,1,1,1,1,1,1,1,1,0,1
#132,1,1,1,1,1,1,2,1,1,1,1,1,1,0,1,1,1,1
#130,1,0,0,4,1,1,0,1,0,1,1,0,2,1,1,1,0,1
#131,1,1,0,2,2,0,2,1,1,1,1,1,2,1,1,1,1,1
#133,1,1,1,1,1,1,2,1,1,1,1,1,1,0,1,1,1,1
#126,1,0,2,1,0,0,1,1,2,1,1,0,2,1,1,1,0,0
#128,1,1,1,1,1,1,2,1,1,1,1,1,1,0,1,1,1,1
#125,1,1,1,0,1,1,1,1,2,0,1,1,1,1,1,1,0,1
#129,1,0,0,2,2,0,1,1,1,1,1,1,1,1,1,1,0,1
#123,1,2,1,2,0,2,0,1,0,2,1,0,4,1,1,1,1,1
#124,1,2,1,1,1,0,1,1,1,1,0,2,2,2,1,2,2,1
#118,1,0,0,2,2,0,1,1,1,1,1,1,1,1,1,1,0,1
#127,1,2,1,1,0,1,0,1,0,2,1,1,2,1,1,1,1,1
#121,1,0,0,2,2,0,0,1,1,1,0,2,1,2,1,2,0,1
#119,1,0,0,2,2,0,1,1,1,1,1,1,1,1,1,1,0,1
#122,1,1,1,1,1,1,0,2,1,1,0,1,1,2,0,1,2,1
#117,1,0,0,2,2,0,1,1,1,1,1,1,1,1,1,1,0,1
#114,1,2,0,0,0,2,1,2,0,2,1,2,1,1,1,1,1,1
#120,1,0,0,2,2,0,1,1,1,1,1,1,1,1,1,1,0,1
#115,1,1,1,1,1,1,2,1,1,1,1,1,1,0,1,1,1,1
#116,1,0,0,2,2,0,1,1,1,1,1,1,1,1,1,1,0,1
#113,1,1,1,1,1,1,2,1,1,1,1,1,1,0,1,1,1,1
#112,0,0,4,0,4,2,2,0,2,0,1,1,0,1,1,1,2,1
#109,1,1,1,1,0,1,0,0,2,1,2,0,1,1,1,1,1,0
#110,1,1,1,1,0,1,0,0,2,1,2,0,1,1,1,1,1,0
#105,1,1,2,0,2,2,1,0,1,1,1,1,0,1,1,1,1,1
#108,1,1,1,1,1,1,2,1,1,1,1,1,1,0,1,1,1,1
#103,1,2,0,0,0,2,0,2,0,2,0,4,1,2,1,2,1,1
#106,1,1,1,1,1,1,1,1,1,2,2,0,0,1,1,0,1,2
#104,1,1,2,0,2,2,1,0,1,1,1,1,0,1,1,1,1,1
#101,1,1,1,0,1,1,1,1,2,0,1,1,1,1,1,1,0,1
#100,1,1,1,0,1,1,1,1,2,0,1,1,1,1,1,1,0,1
#107,1,1,1,1,1,1,1,1,1,2,2,0,0,1,1,0,1,2
#102,1,2,0,0,0,2,0,2,0,2,0,4,1,2,1,2,1,1
#096,1,1,1,1,1,1,0,1,1,1,0,2,1,2,1,2,1,1
#095,0,0,4,0,4,2,2,0,2,0,1,1,0,1,1,1,2,1
#098,1,0,0,2,2,0,1,1,1,1,1,1,1,1,1,1,0,1
#097,1,1,1,1,1,1,0,1,1,1,0,2,1,2,1,2,1,1
#099,1,0,0,2,2,0,1,1,1,1,1,1,1,1,1,1,0,1
#111,0,0,4,0,4,2,2,0,2,0,1,1,0,1,1,1,2,1
#094,0,1,1,1,0,1,0,0,2,1,2,0,1,2,1,2,1,0
#093,0,1,1,1,0,1,0,0,2,1,2,0,1,2,1,2,1,0
#092,0,1,1,1,0,1,0,0,2,1,2,0,1,2,1,2,1,0
#090,1,0,0,2,2,0,1,1,1,1,1,1,1,1,1,1,0,1
#087,1,1,0,2,2,0,2,1,1,1,1,1,2,1,1,1,1,1
#086,1,0,0,2,2,0,1,1,1,1,1,1,1,1,1,1,0,1
#091,1,1,0,2,2,0,2,1,1,1,1,1,2,1,1,1,1,1
#084,1,1,1,2,0,2,1,1,0,1,1,0,2,0,1,1,1,1
#089,1,1,1,1,0,1,0,0,2,1,2,0,1,1,1,1,1,0
#088,1,1,1,1,0,1,0,0,2,1,2,0,1,1,1,1,1,0
#085,1,1,1,2,0,2,1,1,0,1,1,0,2,0,1,1,1,1
#083,1,1,1,2,0,2,1,1,0,1,1,0,2,0,1,1,1,1
#082,0,2,1,0,0,0,2,0,4,0,0,0,0,1,0,1,0,0
#079,1,0,0,2,2,0,0,1,1,1,0,2,1,2,1,2,0,1
#081,0,2,1,0,0,0,2,0,4,0,0,0,0,1,0,1,0,0
#080,1,0,0,2,2,0,0,1,1,1,0,2,1,2,1,2,0,1
#077,1,0,2,1,0,0,1,1,2,1,1,0,2,1,1,1,0,0
#078,1,0,2,1,0,0,1,1,2,1,1,0,2,1,1,1,0,0
#075,0,0,4,0,4,2,2,0,2,0,1,1,0,1,1,1,2,1
#076,0,0,4,0,4,2,2,0,2,0,1,1,0,1,1,1,2,1
#073,1,0,0,2,1,0,0,0,2,1,2,0,1,1,1,1,0,0
#074,0,0,4,0,4,2,2,0,2,0,1,1,0,1,1,1,2,1
#072,1,0,0,2,1,0,0,0,2,1,2,0,1,1,1,1,0,0
#068,1,1,1,1,1,1,1,1,1,2,2,0,0,1,1,0,1,2
#069,1,2,0,0,0,2,0,1,1,2,2,1,1,1,1,1,1,0
#066,1,1,1,1,1,1,1,1,1,2,2,0,0,1,1,0,1,2
#070,1,2,0,0,0,2,0,1,1,2,2,1,1,1,1,1,1,0
#063,1,1,1,1,1,1,0,1,1,1,0,2,1,2,1,2,1,1
#067,1,1,1,1,1,1,1,1,1,2,2,0,0,1,1,0,1,2
#062,1,0,0,2,2,0,1,1,1,2,2,0,0,1,1,0,0,2
#065,1,1,1,1,1,1,0,1,1,1,0,2,1,2,1,2,1,1
#071,1,2,0,0,0,2,0,1,1,2,2,1,1,1,1,1,1,0
#058,1,0,2,1,0,0,1,1,2,1,1,0,2,1,1,1,0,0
#059,1,0,2,1,0,0,1,1,2,1,1,0,2,1,1,1,0,0
#060,1,0,0,2,2,0,1,1,1,1,1,1,1,1,1,1,0,1
#061,1,0,0,2,2,0,1,1,1,1,1,1,1,1,1,1,0,1
#057,1,1,1,1,1,1,1,1,1,2,2,0,0,1,1,0,1,2
#064,1,1,1,1,1,1,0,1,1,1,0,2,1,2,1,2,1,1
#055,1,0,0,2,2,0,1,1,1,1,1,1,1,1,1,1,0,1
#056,1,1,1,1,1,1,1,1,1,2,2,0,0,1,1,0,1,2
#054,1,0,0,2,2,0,1,1,1,1,1,1,1,1,1,1,0,1
#052,1,1,1,1,1,1,2,1,1,1,1,1,1,0,1,1,1,1
#051,1,1,2,0,2,2,1,0,1,1,1,1,0,1,1,1,1,1
#050,1,1,2,0,2,2,1,0,1,1,1,1,0,1,1,1,1,1
#049,1,2,1,1,0,1,0,0,1,2,2,0,2,1,1,1,1,0
#053,1,1,1,1,1,1,2,1,1,1,1,1,1,0,1,1,1,1
#047,1,4,0,0,0,2,0,2,0,4,1,2,2,1,1,1,1,1
#048,1,2,1,1,0,1,0,0,1,2,2,0,2,1,1,1,1,0
#040,1,1,1,1,1,1,1,2,1,1,1,0,1,0,0,0,2,1
#044,1,2,0,0,0,2,0,1,1,2,2,1,1,1,1,1,1,0
#046,1,4,0,0,0,2,0,2,0,4,1,2,2,1,1,1,1,1
#045,1,2,0,0,0,2,0,1,1,2,2,1,1,1,1,1,1,0
#042,1,1,1,2,0,2,0,0,0,1,2,0,2,1,1,1,1,0
#039,1,1,1,1,1,1,1,2,1,1,1,0,1,0,0,0,2,1
#043,1,2,0,0,0,2,0,1,1,2,2,1,1,1,1,1,1,0
#038,1,0,2,1,0,0,1,1,2,1,1,0,2,1,1,1,0,0
#036,1,1,1,1,1,1,0,2,1,1,1,0,1,1,0,0,2,1
#035,1,1,1,1,1,1,0,2,1,1,1,0,1,1,0,0,2,1
#041,1,1,1,2,0,2,0,0,0,1,2,0,2,1,1,1,1,0
#018,1,1,1,2,0,2,1,1,0,1,1,0,2,0,1,1,1,1
#017,1,1,1,2,0,2,1,1,0,1,1,0,2,0,1,1,1,1
#037,1,0,2,1,0,0,1,1,2,1,1,0,2,1,1,1,0,0
#034,1,1,2,0,1,2,0,0,2,1,2,0,0,1,1,1,1,0
#014,1,2,1,1,0,1,0,0,1,2,2,0,2,1,1,1,1,0
#016,1,1,1,2,0,2,1,1,0,1,1,0,2,0,1,1,1,1
#015,1,2,1,1,0,1,0,0,1,2,2,0,2,1,1,1,1,0
#009,1,0,0,2,2,0,1,1,1,1,1,1,1,1,1,1,0,1
#010,1,2,1,1,0,1,0,1,0,2,1,1,2,1,1,1,1,1
#012,1,2,1,2,0,2,0,1,0,2,1,0,4,1,1,1,1,1
#005,1,0,2,1,0,0,1,1,2,1,1,0,2,1,1,1,0,0
#013,1,2,1,1,0,1,0,0,1,2,2,0,2,1,1,1,1,0
#008,1,0,0,2,2,0,1,1,1,1,1,1,1,1,1,1,0,1
#007,1,0,0,2,2,0,1,1,1,1,1,1,1,1,1,1,0,1
#011,1,2,1,1,0,1,0,1,0,2,1,1,2,1,1,1,1,1
#003,1,2,0,0,0,2,0,1,1,2,2,1,1,1,1,1,1,0
#006,1,0,2,2,0,1,0,1,0,1,1,0,4,1,1,1,0,0
#004,1,0,2,1,0,0,1,1,2,1,1,0,2,1,1,1,0,0
#001,1,2,0,0,0,2,0,1,1,2,2,1,1,1,1,1,1,0
#002,1,2,0,0,0,2,0,1,1,2,2,1,1,1,1,1,1,0
